transaction_id,truck_id,unit_number,transacted_at,amount,location
toll-001,vektor-truck-02,02,2026-09-23 08:00:00,4.87,I-75
toll-002,vektor-truck-02,02,2026-09-23 08:01:00,4.87,I-75
toll-003,vektor-truck-02,02,2026-09-23 08:02:00,4.87,I-75
toll-004,vektor-truck-02,02,2026-09-23 08:03:00,4.87,I-75
toll-005,vektor-truck-02,02,2026-09-23 08:04:00,4.87,I-75
toll-006,vektor-truck-02,02,2026-09-23 08:05:00,4.87,I-75
toll-007,vektor-truck-02,02,2026-09-23 08:06:00,4.87,I-75
toll-008,vektor-truck-02,02,2026-09-23 08:07:00,4.87,I-75
toll-009,vektor-truck-02,02,2026-09-23 08:08:00,4.87,I-75
toll-010,vektor-truck-02,02,2026-09-23 08:09:00,4.87,I-75
toll-011,vektor-truck-03,03,2026-09-23 08:10:00,4.87,I-75
toll-012,vektor-truck-03,03,2026-09-23 08:11:00,4.87,I-75
toll-013,vektor-truck-03,03,2026-09-23 08:12:00,4.87,I-75
toll-014,vektor-truck-03,03,2026-09-23 08:13:00,4.87,I-75
toll-015,vektor-truck-03,03,2026-09-23 08:14:00,4.87,I-75
toll-016,vektor-truck-03,03,2026-09-23 08:15:00,4.87,I-75
toll-017,vektor-truck-03,03,2026-09-23 08:16:00,4.87,I-75
toll-018,vektor-truck-03,03,2026-09-23 08:17:00,4.87,I-75
toll-019,vektor-truck-03,03,2026-09-23 08:18:00,4.87,I-75
toll-020,vektor-truck-03,03,2026-09-23 08:19:00,4.87,I-75
toll-021,vektor-truck-04,04,2026-09-23 08:20:00,4.87,I-75
toll-022,vektor-truck-04,04,2026-09-23 08:21:00,4.87,I-75
toll-023,vektor-truck-04,04,2026-09-23 08:22:00,4.87,I-75
toll-024,vektor-truck-04,04,2026-09-23 08:23:00,4.87,I-75
toll-025,vektor-truck-04,04,2026-09-23 08:24:00,4.87,I-75
toll-026,vektor-truck-04,04,2026-09-23 08:25:00,4.87,I-75
toll-027,vektor-truck-04,04,2026-09-23 08:26:00,4.87,I-75
toll-028,vektor-truck-04,04,2026-09-23 08:27:00,4.87,I-75
toll-029,vektor-truck-04,04,2026-09-23 08:28:00,4.87,I-75
toll-030,vektor-truck-04,04,2026-09-23 08:29:00,4.87,I-75
toll-031,vektor-truck-05,05,2026-09-23 08:30:00,4.87,I-75
toll-032,vektor-truck-05,05,2026-09-23 08:31:00,4.87,I-75
toll-033,vektor-truck-05,05,2026-09-23 08:32:00,4.87,I-75
toll-034,vektor-truck-05,05,2026-09-23 08:33:00,4.87,I-75
toll-035,vektor-truck-05,05,2026-09-23 08:34:00,4.87,I-75
toll-036,vektor-truck-05,05,2026-09-23 08:35:00,4.87,I-75
toll-037,vektor-truck-05,05,2026-09-23 08:36:00,4.87,I-75
toll-038,vektor-truck-05,05,2026-09-23 08:37:00,4.87,I-75
toll-039,vektor-truck-05,05,2026-09-23 08:38:00,4.87,I-75
toll-040,vektor-truck-05,05,2026-09-23 08:39:00,4.87,I-75
toll-041,vektor-truck-06,06,2026-09-23 08:40:00,4.87,I-75
toll-042,vektor-truck-06,06,2026-09-23 08:41:00,4.87,I-75
toll-043,vektor-truck-06,06,2026-09-23 08:42:00,4.87,I-75
toll-044,vektor-truck-06,06,2026-09-23 08:43:00,4.87,I-75
toll-045,vektor-truck-06,06,2026-09-23 08:44:00,4.87,I-75
toll-046,vektor-truck-06,06,2026-09-23 08:45:00,4.87,I-75
toll-047,vektor-truck-06,06,2026-09-23 08:46:00,4.87,I-75
toll-048,vektor-truck-06,06,2026-09-23 08:47:00,4.87,I-75
toll-049,vektor-truck-06,06,2026-09-23 08:48:00,4.87,I-75
toll-050,vektor-truck-06,06,2026-09-23 08:49:00,4.87,I-75
toll-051,vektor-truck-07,07,2026-09-23 08:50:00,4.87,I-75
toll-052,vektor-truck-07,07,2026-09-23 08:51:00,4.87,I-75
toll-053,vektor-truck-07,07,2026-09-23 08:52:00,4.87,I-75
toll-054,vektor-truck-07,07,2026-09-23 08:53:00,4.87,I-75
toll-055,vektor-truck-07,07,2026-09-23 08:54:00,4.87,I-75
toll-056,vektor-truck-07,07,2026-09-23 08:55:00,4.87,I-75
toll-057,vektor-truck-07,07,2026-09-23 08:56:00,4.87,I-75
toll-058,vektor-truck-07,07,2026-09-23 08:57:00,4.87,I-75
toll-059,vektor-truck-07,07,2026-09-23 08:58:00,4.87,I-75
toll-060,vektor-truck-07,07,2026-09-23 08:59:00,4.87,I-75
toll-061,vektor-truck-08,08,2026-09-23 09:00:00,4.87,I-75
toll-062,vektor-truck-08,08,2026-09-23 09:01:00,4.87,I-75
toll-063,vektor-truck-08,08,2026-09-23 09:02:00,4.87,I-75
toll-064,vektor-truck-08,08,2026-09-23 09:03:00,4.87,I-75
toll-065,vektor-truck-08,08,2026-09-23 09:04:00,4.87,I-75
toll-066,vektor-truck-08,08,2026-09-23 09:05:00,4.98,I-75
