Card #,Tran Date,Invoice,Unit,Driver Name,Odometer,Location Name,City,State/ Prov,Fees,Item,Unit Price,Qty,Amt,DB,Currency,
00003,2026-10-06,0538453725,03,,91678,PILOT LEDGEWOOD 891,LEDGEWOOD,NJ,0.0,ULSD,6.499,48.29,313.84,Y,USD/Gallons,
00003,2026-10-07,0903522326,03,,92019,FJ-HUBBARD 697,HUBBARD,OH,0.0,ULSD,5.809,43.21,251.01,Y,USD/Gallons,
00003,2026-10-07,0903522326,03,,92019,FJ-HUBBARD 697,HUBBARD,OH,0.0,DEFD,4.799,4.3,20.64,Y,USD/Gallons,
00003,2026-10-07,0094969,03,,92392,ROAD RANGER #240,LAKE STATION,IN,0.5,ULSD,5.468,47.6,260.32,N,USD/Gallons,
00003,2026-10-08,00010118,03,,92816,AYERCO #25,TAYLOR,MO,0.5,ULSD,5.634,45.19,254.61,N,USD/Gallons,
00011,2026-10-06,0538086379,02,,29447,PILOT #1143,ODESSA,TX,0.0,ULSD,5.869,237.97,1396.65,Y,USD/Gallons,
00029,2026-10-05,0537624291,07,,16830,PILOT 568,VON ORMY,TX,0.0,ULSD,5.699,25.6,145.89,Y,USD/Gallons,
00029,2026-10-06,0538210923,07,,16830,PILOT 568,VON ORMY,TX,0.0,ULSD,5.649,17.39,98.24,Y,USD/Gallons,
00029,2026-10-06,0099746,07,,17066,QUIK TRIP #1943,HILLSBORO,TX,0.5,ULSD,5.469,26.42,144.49,N,USD/Gallons,
00029,2026-10-06,00018441,07,,17217,QUIKTRIP #7906,MARSHALL,TX,0.5,ULSD,5.469,23.24,127.1,N,USD/Gallons,
00029,2026-10-07,0922728425,07,,17408,PILOT WEST MONROE 428,WEST MONROE,LA,0.0,ULSD,5.669,15.24,86.4,Y,USD/Gallons,
00029,2026-10-07,0922981153,07,,17640,PILOT 1105,BUNKIE,LA,0.0,ULSD,5.789,22.97,132.97,Y,USD/Gallons,
00029,2026-10-08,0097942,07,,17872,RACETRAC #482,ST ROSE,LA,0.5,DEFD,3.999,2.48,9.93,N,USD/Gallons,
00029,2026-10-08,0097942,07,,17872,RACETRAC #482,ST ROSE,LA,0.0,ULSD,5.358,20.1,107.7,N,USD/Gallons,
00037,2026-10-06,00010120,04,,64156,QUIK TRIP #1915,SHERMAN,TX,0.5,DEFD,3.999,1.66,6.64,N,USD/Gallons,
00037,2026-10-06,00010120,04,,64156,QUIK TRIP #1915,SHERMAN,TX,0.0,ULSD,5.568,39.53,220.14,N,USD/Gallons,
00037,2026-10-06,0868725825,04,,64393,PILOT CADDO VALLEY #492,ARKADELPHIA,AR,0.0,ULSD,6.099,21.66,132.1,Y,USD/Gallons,
00037,2026-10-07,0903636251,04,,64588,FJ-WEST MEMPHIS 607,WEST MEMPHIS,AR,0.0,ULSD,5.759,20.99,120.88,Y,USD/Gallons,
00037,2026-10-07,0538828577,04,,64740,PILOT HURRICANE MILLS 053,HURRICANE MILLS,TN,0.0,ULSD,5.689,12.54,71.34,Y,USD/Gallons,
00037,2026-10-07,0538828577,04,,64740,PILOT HURRICANE MILLS 053,HURRICANE MILLS,TN,0.0,DEFD,4.899,1.61,7.9,Y,USD/Gallons,
00037,2026-10-07,0096659,04,,65149,CIRCLE K #2723373,ATKINS,VA,0.5,ULSD,5.824,32.84,191.29,N,USD/Gallons,
00037,2026-10-08,0869644193,04,,65353,PILOT HARRISONBURG 491,HARRISONBURG,VA,0.0,ULSD,6.439,21.7,139.73,Y,USD/Gallons,
00045,2026-10-05,0858938706,05,,49453,PILOT COLUMBUS 213,COLUMBUS,OH,0.0,ULSD,5.999,26.49,158.91,Y,USD/Gallons,
00045,2026-10-05,0852875326,05,,49731,PILOT LONDON 454,LONDON,OH,0.0,ULSD,5.789,23.54,136.27,Y,USD/Gallons,
00045,2026-10-05,0852875326,05,,49731,PILOT LONDON 454,LONDON,OH,0.0,DEFD,4.799,2.57,12.32,Y,USD/Gallons,
00045,2026-10-06,0868478980,05,,50027,FJ-EFFINGHAM 643,EFFINGHAM,IL,0.0,ULSD,6.479,24.94,161.59,Y,USD/Gallons,
00045,2026-10-06,0903330569,05,,50308,FJ 645,GRANITE CITY,IL,0.0,ULSD,6.129,23.39,143.36,Y,USD/Gallons,
00045,2026-10-07,0539141314,05,,5624,PILOT MOUNT VERNON 482,MOUNT VERNON,IL,0.0,ULSD,6.559,25.76,168.96,Y,USD/Gallons,
00045,2026-10-07,0539141314,05,,5624,PILOT MOUNT VERNON 482,MOUNT VERNON,IL,0.0,DEFD,4.799,1.69,8.11,Y,USD/Gallons,
00045,2026-10-08,0090163,05,,50909,SPEEDWAY 7FLEET #9305,FORREST CITY,AR,0.5,ULSD,5.558,24.17,134.35,N,USD/Gallons,
00045,2026-10-08,0854522068,05,,51241,PILOT SULPHUR SPRINGS 157,SULPHUR SPRINGS,TX,0.0,ULSD,5.599,28.35,158.73,Y,USD/Gallons,
00060,2026-10-05,108010,08,,3579,QUICK FUEL KANSAS CITY #3193,KANSAS CITY,KS,0.5,ULSR,5.624,36.78,206.88,N,USD/Gallons,
00060,2026-10-05,108011,08,,3579,QUICK FUEL KANSAS CITY #3193,KANSAS CITY,KS,0.0,DEFD,4.799,4.34,20.82,N,USD/Gallons,
00060,2026-10-06,0090485,08,,4014,QUIK TRIP #71,TULSA,OK,0.5,ULSD,5.569,41.1,228.89,N,USD/Gallons,
00060,2026-10-06,0092907,08,,4428,QUIKTRIP #7210,N LITTLE ROCK,AR,0.5,DEFD,3.999,3.21,12.82,N,USD/Gallons,
00060,2026-10-06,0092907,08,,4428,QUIKTRIP #7210,N LITTLE ROCK,AR,0.0,ULSD,5.569,41.46,230.89,N,USD/Gallons,
00060,2026-10-07,0095620,08,,4808,CIRCLE K #2723672,BIRMINGHAM,AL,0.5,ULSD,5.611,41.73,234.16,N,USD/Gallons,
00060,2026-10-07,0869191659,08,,5198,FJ-ROCK HILL 714,ROCK HILL,SC,0.0,ULSD,5.649,40.25,227.37,Y,USD/Gallons,
00060,2026-10-08,45028971,08,,5593,SMO #1710,FREDERICKSBURG,VA,0.5,DEFD,5.468,3.22,17.58,N,USD/Gallons,
00060,2026-10-08,45028971,08,,5593,SMO #1710,FREDERICKSBURG,VA,0.0,ULSD,5.778,40.89,236.3,N,USD/Gallons,
00094,2026-10-05,07015461,06,,11717,GETGO BEAVER VALLEY MALL #3016,MONACA,PA,0.5,ULSD,6.042,39.44,238.32,N,USD/Gallons,
00094,2026-10-05,25105984,06,,12138,CASEYS GENERAL STORE #4453,LEXINGTON,KY,0.5,ULSD,5.751,35.9,206.46,N,USD/Gallons,
00094,2026-10-06,0094663,06,,12544,RACETRAC #688,LITHIA SPRINGS,GA,0.5,DEFD,3.999,3.63,14.52,N,USD/Gallons,
00094,2026-10-06,0094663,06,,12544,RACETRAC #688,LITHIA SPRINGS,GA,0.0,ULSD,5.337,40.64,216.91,N,USD/Gallons,
00094,2026-10-07,0093305,06,,12922,QUIK TRIP #7071,VALDOSTA,GA,0.5,ULSD,5.239,43.06,225.59,N,USD/Gallons,
